(04, 40
(1), 7, 4042
(2), 7, 4042
(3), 7, 4042
(4), 742
(5), 7
(amr, 20
(bodies, 27
(contamination), 7
(fast, 24
(here, 25
(ie, 18
(in, 45
(j, 22
(reference, 28
(see, 18
(speeds, 27
(spheres), 7
(to, 24
(very, 24
(with, 15
(zero, 32
), 7, 15, 18, 20, 24, 25, 27, 28, 32, 40, 4245
0, 7, 9, 20, 22, 23, 25, 40, 4450
040, 9
046, 9
0715, 23
075, 50
1, 7, 9, 18, 20, 21, 22, 23, 25, 28, 40, 41, 4249
1), 7, 18, 20, 4042
10, 920
10(1957), 20
12, 740
15, 923
1700, 25
176, 41
190, 7
197, 40
2, 6, 7, 9, 20, 22, 25, 40, 4249
20, 25
25, 22
26, 920
2601), 20
271, 7
3, 7, 28, 40, 4245
367, 7
400, 22
401, 22
5, 7, 9, 20, 22, 23, 27, 4950
5), 727
58, 9
6, 7, 9, 19, 20, 22, 4150
676, 50
9, 7, 9, 2040
=, 19, 2044
a, 1, 2, 3, 4, 5, 6, 7, 8, 9, 10, 11, 12, 13, 14, 15, 16, 17, 18, 19, 20, 21, 22, 23, 24, 25, 26, 27, 28, 29, 30, 31, 32, 33, 34, 35, 36, 37, 38, 39, 40, 41, 42, 43, 44, 45, 46, 47, 48, 4950
about, 27, 32, 39, 4649
above, 11, 2946
abovementioned, 46
acceleration, 2933
accelerator, 34
accelerators, 34
accomplished, 47
account, 22, 25, 26, 4244
accrue, 33
accurate, 24, 25, 32, 36, 4950
accurately, 24, 2532
achieved, 14
ackeret's, 14
across, 15, 4550
acrothermoelasticity, 12
acting, 144
actual, 44
addition, 8, 3244
additional, 832
advantageous, 34
advantages, 33
adverse, 40
aero, 5, 11, 12, 13, 14, 22, 27, 29, 32, 33, 3644
aerodynamic, 5, 11, 13, 14, 29, 32, 33, 3644
aerodynamics, 11
aerodynamieist, 27
aeroelastic, 1214
aeronautical, 1233
affect, 2442
after, 1, 7, 825
afterbody, 25
again, 225
agree, 1, 9, 14, 16, 2939
agreement, 9, 16, 2939
aid, 2733
air, 9, 12, 14, 25, 27, 29, 33, 37, 39, 42, 47, 4950
aircraft, 12, 14, 2947
airfoil, 1439
airfoils, 1439
airplane, 42
algebraic, 34
all, 1, 2, 9, 12, 13, 14, 15, 16, 17, 22, 23, 24, 25, 26, 27, 30, 32, 33, 34, 35, 36, 37, 40, 41, 42, 43, 44, 45, 47, 4950
alleviating, 12
allows, 32
almost, 1424
along, 9, 2334
also, 4, 14, 20, 25, 28, 37, 38, 4044
although, 9, 4449
always, 14
ambient, 4350
among, 33
amount, 9, 1419
amounts, 14
amplitude, 15
an, 1, 2, 4, 5, 6, 7, 8, 9, 10, 11, 12, 13, 14, 15, 16, 17, 18, 19, 20, 21, 22, 23, 24, 25, 26, 27, 28, 29, 30, 31, 32, 33, 34, 35, 36, 37, 38, 39, 40, 41, 42, 43, 44, 45, 46, 47, 48, 4950
analog, 13, 25, 3247
analogous, 2532
analyses, 1442
analysis, 10, 15, 16, 21, 25, 29, 30, 35, 36, 39, 46, 4749
analytic, 5, 6, 12, 16, 28, 3449
analytical, 12, 1628
analytically, 16
analyzed, 31, 3841
analyzing, 14
and, 1, 2, 4, 6, 7, 8, 9, 10, 11, 12, 13, 14, 15, 16, 17, 18, 19, 20, 21, 22, 23, 24, 25, 27, 28, 29, 30, 31, 32, 33, 34, 35, 36, 37, 38, 39, 40, 41, 42, 43, 44, 45, 47, 48, 4950
anemometer, 41
angle, 1, 9, 25, 27, 3248
angles, 125
anomaly, 49
another, 11, 12, 4344
any, 11, 17, 25, 32, 37, 4249
apparent, 1619
appeared, 8
appears, 734
applicability, 15
applicable, 17, 2949
application, 13, 14, 16, 17, 27, 33, 39, 4449
applications, 14, 33, 4449
applied, 17, 27, 3337
apply, 2049
applying, 49
appreciable, 14
appreciably, 10
approach, 1935
appropriate, 22, 3349
approximate, 9, 1549
approximated, 49
approximately, 9
approximating, 49
approximation, 2, 15, 19, 2735
approximations, 15
arbitrary, 47, 4950
are, 3, 4, 5, 6, 7, 8, 9, 11, 12, 14, 15, 16, 17, 18, 19, 20, 22, 23, 24, 25, 29, 30, 31, 32, 33, 34, 35, 36, 38, 41, 42, 44, 45, 47, 48, 4950
area, 14, 2533
areas, 14
argued, 43
arises, 2
arising, 39
arranged, 18
art, 1, 6, 12, 14, 16, 17, 18, 24, 29, 33, 34, 36, 38, 42, 45, 4950
as, 1, 2, 4, 6, 7, 8, 9, 10, 12, 13, 14, 15, 16, 17, 18, 19, 20, 21, 22, 23, 24, 25, 26, 27, 28, 29, 30, 32, 33, 34, 35, 36, 37, 39, 40, 41, 42, 43, 44, 45, 46, 47, 48, 4950
ask, 42
assembled, 47
associated, 1629
assumed, 14, 15, 18, 4450
assuming, 22
assumption, 17, 24, 4244
assumptions, 2444
at, 1, 2, 3, 4, 5, 6, 7, 8, 9, 10, 11, 12, 13, 14, 15, 16, 17, 18, 19, 20, 21, 22, 23, 24, 25, 26, 27, 28, 29, 30, 31, 32, 33, 34, 35, 36, 37, 38, 39, 40, 41, 42, 43, 44, 45, 46, 47, 48, 4950
atmosphere, 3233
atom, 24
attack, 1, 12, 27, 3248
attack), 32
attacking, 12
attention, 46
attractive, 33
attributed, 49
author, 15, 20, 2146
author's, 20
authors, 15, 2146
available, 8, 12, 14, 17, 19, 3034
avenues, 12
avoiding, 15
axial, 11, 19, 4049
axially, 49
axis, 17, 20, 23, 3442
axisymmetric, 1720
ballistic, 32
based, 8, 14, 25, 4348
basic, 2744
basis, 1, 8, 26, 35, 4549
be, 2, 4, 7, 8, 9, 10, 11, 13, 14, 15, 16, 17, 18, 19, 20, 21, 22, 23, 24, 25, 28, 29, 30, 32, 33, 34, 35, 36, 37, 38, 39, 40, 41, 42, 43, 44, 45, 46, 47, 48, 4950
beam, 2942
beams, 42
because, 17, 3450
becoming, 7
been, 2, 4, 10, 14, 15, 19, 28, 36, 43, 44, 46, 4950
begins, 7
behave, 8
behavior, 22, 28, 3337
behind, 1725
being, 2, 911
believes, 20
below, 9
bending, 14, 1529
bendingtorsion, 14
beneficial, 44
better, 35
between, 2, 8, 9, 10, 11, 14, 1637
biot, 30
blasius, 23
blast, 25
blunt, 20, 25, 26, 3544
blunted, 44
blunter, 44
blunting, 44
bluntnosed, 25
bodies, 17, 20, 24, 25, 27, 36, 37, 4344
body, 2, 13, 20, 25, 35, 36, 3744
bogdonoff, 25
both, 20, 24, 37, 42, 43, 44, 4749
boundary, 1, 2, 3, 4, 7, 8, 9, 12, 16, 17, 18, 21, 22, 23, 24, 25, 34, 36, 37, 40, 43, 45, 4750
boundarylayer, 4, 916
box, 1347
boxes, 47
breakdown, 7
breaks, 7
brief, 6, 13, 4249
briefly, 6, 1342
bring, 46
brooklyn, 11
buckled, 15
buckling, 31
builtup, 29
bureau, 8
but, 1, 4, 6, 14, 25, 28, 29, 31, 37, 38, 39, 44, 4849
by, 1, 2, 4, 6, 7, 9, 13, 14, 15, 16, 17, 20, 21, 23, 24, 25, 28, 35, 36, 38, 40, 42, 44, 47, 4849
bystep, 47
c, 1, 2, 3, 4, 5, 6, 7, 8, 9, 10, 11, 12, 13, 14, 15, 16, 17, 18, 19, 20, 21, 22, 23, 24, 25, 26, 27, 28, 29, 30, 31, 32, 33, 34, 35, 36, 37, 38, 39, 40, 41, 42, 43, 44, 45, 46, 47, 48, 4950
calculate, 13, 36, 4349
calculated, 13, 4349
calculating, 49
calculation, 14, 32, 35, 36, 37, 3949
calculations, 14, 3649
california, 740
called, 13
can, 2, 11, 13, 14, 17, 23, 24, 26, 30, 32, 33, 35, 36, 37, 38, 39, 40, 42, 44, 4849
cantilever, 42
cantilevered, 42
carried, 11, 17, 2941
case, 6, 17, 23, 24, 28, 29, 33, 34, 43, 4449
cases, 6, 23, 33, 4344
catalytic, 24
cause, 9, 17, 27, 3450
caused, 9
causing, 16
cavity, 45
cent, 2, 6, 9, 28, 30, 32, 40, 43, 44, 4649
cent), 40
center, 3032
certain, 14, 25, 33, 4446
changes, 39
channel, 3334
channels, 33
characteristic, 11, 2533
characteristically, 33
characteristics, 11
characteristies, 44
charges, 44
chart, 33
chemical, 24
circle, 18
circular, 18
cited, 11
class, 2, 2542
classical, 242
closed, 1434
closely, 25
coefficient, 9, 16, 20, 23, 27, 35, 4950
coefficients, 16, 23, 4950
collected, 49
collectively, 14
column, 47
combined, 1225
company, 17
comparative, 1
compared, 9, 23, 3549
comparison, 4, 14, 17, 20, 25, 35, 4749
comparisons, 1447
compatibility, 47
complete, 6, 9, 3249
completely, 49
complex, 1447
complexity, 14
complicated, 13
component, 14, 1618
components, 1618
composed, 47
composite, 5
compressible, 2, 3, 4, 9, 16, 17, 23, 2844
compressive, 39
compressor, 18
computation, 1416
computational, 14
computations, 16
computed, 24, 4849
computing, 32
conceivably, 44
concept, 1337
concerned, 1229
concluded, 2433
conclusion, 35, 4143
conclusions, 41
condition, 15, 18, 22, 27, 30, 32, 33, 34, 36, 37, 43, 44, 4749
conditions, 18, 22, 30, 32, 33, 34, 36, 37, 43, 44, 4749
conducted, 840
conducting, 3344
conduction, 530
conductivity, 3334
cone, 19, 27, 40, 4448
cones, 1927
configuration, 1
confirm, 1522
confirms, 22
conical, 19
conjunction, 3748
connection, 17
consequently, 234
consider, 2, 4, 19, 21, 23, 24, 25, 29, 33, 35, 38, 4449
considerable, 3344
considerably, 49
considerations, 19, 2544
considered, 2, 4, 21, 24, 29, 35, 3849
considering, 2349
considers, 21
consists, 42
constant, 2, 9, 13, 23, 25, 28, 29, 32, 33, 34, 44, 4950
constants, 25
constraint, 15
constructed, 33
constructing, 35
contact, 33
contained, 25
contaminates, 7
contamination, 79
contemplated, 44
continuous, 3440
continuum, 1022
contribution, 614
contributions, 14
control, 1, 1433
controlled, 33
convection, 44
convective, 29
conventional, 3749
convergence, 28
cooling, 34, 4043
correlated, 2024
correlation, 20, 2430
corresponding, 10, 25, 2948
could, 834
coupled, 42
course, 834
cover, 14, 2331
criterion, 3143
critical, 1524
critically, 24
crocco, 4950
crossed, 34
current, 2633
currents, 33
curvature, 23
curved, 239
curves, 1
customary, 49
cylinder, 2325
damping, 32
data, 8, 17, 19, 33, 35, 40, 4750
deals, 42
deceleration, 33
decrease, 40
decreasing, 43
definitely, 40
definition, 49
deflection, 47
deflections, 47
degree, 940
delayed, 40
demands, 12
demonstrate, 14, 16, 3543
demonstrated, 16, 3543
densities, 10
depend, 16, 20, 24, 25, 33, 36, 37, 40, 4749
dependent, 16, 33, 3747
depending, 40
depends, 49
depth, 45
derivatives, 36
derive, 19, 28, 38, 3948
derived, 19, 28, 3948
descending, 32
described, 14, 2930
describes, 45
describing, 3233
design, 12, 2736
desirable, 844
desired, 17
destalling, 1
detachment, 3537
detail, 13, 25, 30, 4950
detailed, 2530
details, 25
detection, 9
determinant, 14
determination, 29
determine, 1, 29, 37, 3940
determined, 29, 3739
determining, 39
develop, 9, 14, 18, 20, 24, 33, 3449
developed, 9, 14, 24, 3449
development, 2033
deviation, 15
devices, 11
devised, 35
diameter, 25
differ, 1, 2, 10, 11, 13, 15, 17, 23, 24, 29, 33, 35, 42, 47, 4850
differences, 48
different, 1, 2, 11, 13, 15, 17, 24, 29, 33, 35, 42, 4750
differential, 13, 15, 17, 24, 2950
differentials, 29
differs, 23
difficult, 28
diffuser, 18
diffusion, 2445
dimension, 2, 4, 7, 8, 9, 14, 18, 20, 25, 30, 3349
dimensional, 2, 4, 7, 8, 9, 14, 18, 20, 25, 30, 3349
dimensionless, 3033
direct, 9, 18, 23, 25, 4448
direction, 18, 23, 2544
directions, 18
directly, 2548
disc, 2, 9, 12, 13, 14, 15, 18, 30, 35, 42, 4950
discovery, 14
discrepancy, 30
discussed, 2, 12, 13, 14, 15, 35, 4950
discusses, 18
discussion, 2, 9, 1249
displacement, 8
dissociated, 24
distance, 8, 25, 3537
distribution, 1, 4, 25, 29, 31, 37, 38, 39, 4849
distributions, 31, 3839
disturbance, 9, 18, 2741
disturbances, 9, 1841
divided, 42
division, 17
does, 28
domain, 39
dominating, 12
double, 67
down, 7, 9, 25, 2633
downstream, 9, 2526
drag, 2544
drawn, 41
dryden, 8
duct, 5, 8, 14, 30, 33, 34, 40, 4447
due, 1, 4243
duration, 6
during, 5, 832
dynamic, 5, 11, 13, 14, 27, 29, 32, 33, 34, 3644
dynamics, 1127
each, 7
earlier, 9
eddy, 17
edge, 2, 7, 8, 9, 25, 26, 2939
edges, 29
effect, 1, 2, 4, 7, 8, 9, 11, 14, 21, 23, 24, 25, 26, 29, 33, 36, 39, 40, 42, 43, 4449
effective, 943
effectiveness, 43
effects, 1, 2, 14, 24, 25, 33, 40, 4249
effort, 49
eg, 1, 2, 7, 9, 14, 15, 21, 22, 32, 33, 34, 35, 40, 44, 4549
eigenvalues, 14
einbinder, 28
either, 3640
elastic, 12, 14, 3042
electric, 17, 33, 34, 4447
electrical, 3344
electrically, 3344
electrodes, 33
electromagnetic, 44
element, 7, 8, 9, 14, 16, 4043
elemental, 16
elementary, 14
elements, 78
elliptical, 19
emitting, 2
emphasis, 914
empirical, 138
employed, 30
enables, 49
ends, 4249
energy, 22, 25, 2850
engaged, 20
engine, 12, 3342
engineering, 33
engineers, 12
engines, 42
ensuing, 7
entering, 24
entire, 25, 4749
entirely, 49
entitled, 49
entropy, 48
envelope, 32
environment, 29
equal, 3248
equation, 3, 13, 14, 15, 16, 17, 22, 24, 25, 28, 32, 33, 35, 44, 47, 4950
equations, 3, 13, 14, 16, 17, 24, 25, 28, 32, 33, 35, 44, 47, 4950
equilibrium, 2447
equivalent, 1639
essentially, 1416
established, 1731
estimate, 17, 3336
estimating, 14
eter, 1, 14, 20, 24, 25, 27, 29, 37, 39, 40, 41, 4243
evaluated, 23
evaluating, 43
evaluation, 1
even, 24, 3233
evidence, 1
exact, 14, 20, 24, 2844
exactly, 24
examine, 27, 28, 3344
examined, 27, 2833
example, 5, 33, 4249
examples, 33
except, 1625
excessive, 44
exhibited, 28
exhibits, 25
exists, 214
expansion, 1427
expansions, 14
expect, 28
experiment, 1, 7, 11, 12, 15, 16, 17, 19, 25, 29, 30, 35, 37, 39, 41, 42, 4347
experimental, 1, 11, 12, 16, 17, 19, 25, 29, 30, 35, 37, 41, 42, 4347
experimentally, 16, 30, 3743
experiments, 7, 15, 25, 3041
explain, 43
explicit, 16
explosion, 28
exposed, 5
expressed, 20
expressing, 47
expression, 22
extend, 817
extending, 17
extension, 17
extensively, 9
extent, 1425
exterior, 23
external, 24, 4547
extrapolation, 36
extremely, 10
f, 1, 2, 3, 4, 5, 6, 7, 8, 9, 10, 11, 12, 13, 14, 15, 16, 17, 18, 19, 20, 21, 22, 23, 24, 25, 26, 27, 28, 29, 30, 31, 32, 33, 34, 35, 36, 37, 38, 39, 40, 41, 42, 43, 44, 45, 46, 47, 48, 4950
face, 5, 6, 9, 14, 20, 24, 25, 27, 29, 33, 37, 39, 40, 4849
faces, 2429
facilitate, 49
facing, 36
fact, 12, 13, 23, 24, 25, 34, 3946
factor, 12, 23, 24, 2539
factors, 12, 2339
facts, 46
failure, 12
fairly, 14
fall, 2743
familiar, 36
far, 925
fashion, 47
faster, 27
favorable, 47
feature, 2
feedback, 13
ferri, 2
few, 17
field, 7, 18, 19, 25, 28, 33, 3437
fields, 19, 3334
fig, 1, 1820
figures, 20
final, 12, 45, 4749
finally, 1245
finds, 25
finite, 14, 15, 17, 21, 29, 40, 4249
first, 16, 27, 29, 33, 4547
fixed, 40
flange, 2930
flanged, 29
flanges, 29
flat, 2, 4, 8, 9, 15, 21, 22, 23, 25, 29, 41, 4450
flatness, 15
flexibility, 42
flexibly, 42
flexural, 47
flight, 12, 14, 24, 25, 33, 36, 3749
floating, 9
flow, 1, 2, 3, 4, 7, 9, 16, 17, 18, 19, 22, 23, 24, 25, 26, 27, 28, 33, 34, 35, 37, 38, 39, 44, 45, 48, 4950
flows, 17, 33, 38, 3949
fluctuating, 16
fluctuations, 45
fluid, 2, 4, 14, 22, 23, 33, 4448
flutter, 1415
following, 34
for, 1, 2, 3, 4, 5, 6, 7, 9, 10, 11, 13, 14, 15, 16, 17, 20, 22, 23, 24, 25, 27, 28, 29, 30, 31, 32, 33, 34, 35, 36, 37, 38, 39, 40, 41, 43, 44, 45, 47, 48, 4950
force, 13, 14, 33, 4447
forces, 14, 3347
forebody, 37
form, 4, 7, 9, 11, 14, 15, 16, 17, 24, 25, 28, 29, 30, 32, 33, 34, 35, 36, 41, 43, 44, 45, 47, 4849
formed, 7, 16, 17, 30, 33, 4347
formula, 14, 15, 24, 28, 4548
formulas, 1448
formulated, 1545
formulation, 2428
forum, 6
forward, 2536
found, 1, 8, 9, 14, 17, 22, 23, 25, 33, 3442
four, 742
fourth, 7
frames, 27
free, 1, 2, 10, 22, 25, 34, 41, 44, 45, 4850
freedom, 44
frequencies, 42
friction, 4, 9, 16, 21, 23, 4950
from, 2, 7, 8, 10, 12, 13, 15, 19, 20, 22, 23, 24, 25, 27, 28, 33, 36, 39, 42, 43, 44, 45, 4849
frozen, 24
fruitful, 41
fulfilled), 18
fully, 930
function, 8, 14, 16, 32, 39, 4750
functional, 8
functions, 4750
fundamental, 1249
fundamentally, 49
further, 3741
furthermore, 37
future, 14
g, 1, 2, 3, 5, 6, 7, 8, 9, 10, 11, 12, 13, 14, 15, 16, 17, 18, 19, 20, 21, 22, 23, 24, 25, 26, 27, 28, 29, 30, 31, 32, 33, 34, 35, 36, 37, 38, 39, 40, 41, 42, 43, 44, 45, 46, 47, 48, 4950
galcit, 925
galerkin, 15
gas, 18, 22, 27, 33, 3449
gasdynamic, 3334
gaseous, 34
gave, 650
general, 6, 11, 14, 16, 17, 20, 24, 27, 44, 4749
generality, 49
generalization, 20
generalized, 14, 2044
generalizes, 20
generated, 25
geometry, 25, 3945
give, 6, 9, 14, 15, 16, 20, 23, 25, 26, 27, 28, 32, 33, 36, 39, 42, 44, 4749
given, 6, 9, 14, 15, 16, 20, 23, 25, 27, 28, 32, 33, 36, 44, 4749
gives, 39
giving, 35
good, 9, 16, 2939
gradient, 3, 11, 13, 22, 3649
gradients, 1136
gravity, 32
greater, 9, 2536
grows, 14
growth, 25
guide, 18
gupta, 44
gust, 14
gyroscope, 42
gyroscopic, 42
h, 1, 2, 3, 4, 5, 6, 7, 8, 9, 10, 11, 12, 13, 14, 15, 16, 17, 18, 19, 20, 21, 22, 23, 24, 25, 26, 27, 28, 29, 30, 31, 32, 33, 34, 35, 36, 37, 38, 39, 40, 41, 42, 43, 44, 45, 46, 47, 48, 4950
hammitt, 25
hand, 34
happen, 36
hardware, 20
has, 2, 4, 7, 9, 10, 14, 15, 18, 19, 26, 28, 36, 43, 44, 46, 4950
hastening, 9
have, 2, 8, 21, 25, 34, 4649
having, 42
hayes, 14, 2835
hayes', 35
he, 1, 2, 3, 4, 5, 6, 7, 8, 9, 10, 11, 12, 13, 14, 15, 16, 17, 18, 20, 21, 22, 23, 24, 25, 26, 27, 28, 29, 30, 31, 32, 33, 34, 35, 36, 37, 38, 39, 40, 41, 42, 43, 44, 45, 46, 47, 48, 4950
head, 944
heat, 5, 6, 12, 13, 20, 21, 23, 24, 28, 29, 30, 36, 37, 44, 45, 4950
heated, 13
heating, 5, 1329
heats, 2028
heattransfer, 44
height, 7, 843
held, 50
helium, 25
hemisphere, 25
hence, 3542
here, 2, 6, 7, 8, 11, 14, 20, 24, 25, 28, 32, 33, 35, 36, 37, 44, 46, 4950
herein, 11, 3549
high, 2, 8, 12, 14, 24, 30, 34, 36, 3849
higher, 8, 14, 3049
his, 1, 2, 5, 6, 8, 9, 13, 14, 15, 17, 18, 19, 20, 21, 23, 25, 26, 28, 30, 32, 34, 35, 36, 37, 39, 42, 44, 45, 4649
hopeless, 46
horizontal, 42
horizontally, 42
hot, 30, 4142
how, 1, 2, 4, 6, 10, 13, 14, 15, 16, 17, 19, 20, 23, 24, 25, 27, 28, 32, 35, 36, 38, 39, 42, 43, 4649
however, 13, 19, 2542
hydrodynamic, 3344
hypersonic, 2, 9, 17, 19, 20, 25, 26, 27, 28, 35, 3637
i, 1, 2, 3, 4, 5, 6, 7, 8, 9, 10, 11, 12, 13, 14, 15, 16, 17, 18, 19, 20, 21, 22, 23, 24, 25, 26, 27, 28, 29, 30, 31, 32, 33, 34, 35, 36, 37, 38, 39, 40, 41, 42, 43, 44, 45, 46, 47, 48, 4950
idealized, 47
if, 1, 2, 4, 7, 9, 10, 11, 13, 14, 15, 16, 17, 18, 20, 23, 24, 26, 28, 29, 33, 35, 38, 40, 42, 44, 45, 47, 4850
illustrate, 1449
illustrates, 49
impact, 10, 3536
impeller, 18
important, 14, 25, 27, 34, 35, 3946
impossible, 14
improved, 1438
impulsive, 21
in, 1, 2, 3, 4, 5, 6, 7, 8, 9, 10, 11, 12, 13, 14, 15, 16, 17, 18, 19, 20, 21, 22, 23, 24, 25, 26, 27, 28, 29, 30, 31, 32, 33, 34, 35, 36, 37, 38, 39, 40, 41, 42, 43, 44, 45, 46, 47, 48, 4950
inappropriate, 49
inch, 7
inclination, 20
include, 16, 24, 33, 4550
included, 2450
including, 14
incomplete, 6
incompressible, 2, 3, 4, 9, 16, 17, 2344
incorrect, 49
increase, 1, 15, 29, 40, 4348
increased, 4043
increases, 29
increasing, 7, 14, 4048
increasingly, 14
increment, 1
independence, 20
independent, 16, 3747
independently, 1647
indicate, 6, 7, 20, 25, 29, 3940
indicates, 39
induced, 7, 2542
inducing, 29
inevitable, 36
inferred, 49
infinite, 17, 21, 29, 4249
infinitely, 42
infinitesimal, 17
infinity, 18
influence, 11, 14, 2226
information, 29, 35, 3641
initial, 7, 15, 3250
injected, 9
injection, 9
input, 612
inputs, 12
inquire, 28
insensitive, 23
instance, 2
institute, 7, 1140
insulated, 6, 925
integral, 15
integrated, 1
integration, 1434
integrations, 14
intended, 129
intense, 25
interaction, 11, 14, 25, 2637
interactions, 14
interconnected, 47
interest, 11, 20, 26, 28, 34, 3744
interesting, 28, 34, 3744
interface, 6
internal, 4547
interpret, 2441
interpreted, 41
interrelation, 12
intimate, 46
into, 9, 12, 22, 25, 29, 32, 4244
introduced, 2427
introducing, 38
introduction, 14
invariant, 1617
inverse, 1447
inversion, 4647
investigate, 2, 7, 9, 40, 4244
investigated, 2, 9, 4044
investigating, 3437
investigation, 8, 9, 29, 34, 4450
investigations, 34
inviscid, 2, 25, 26, 28, 35, 3748
involved, 24, 44, 4950
involves, 13
irrotational, 2
is, 1, 2, 4, 5, 6, 7, 8, 9, 10, 11, 12, 13, 14, 15, 16, 17, 18, 19, 20, 21, 22, 23, 24, 25, 26, 27, 28, 29, 30, 31, 32, 33, 34, 35, 36, 37, 38, 39, 41, 42, 43, 44, 45, 46, 47, 48, 4950
isothermal, 13
it, 1, 2, 3, 4, 5, 6, 7, 8, 9, 10, 11, 12, 13, 14, 15, 16, 17, 18, 19, 20, 21, 22, 23, 24, 25, 27, 28, 29, 30, 31, 32, 33, 34, 35, 36, 37, 38, 39, 40, 41, 42, 43, 44, 45, 46, 47, 48, 4950
iteration, 15
iterative, 14
its, 11, 25, 27, 3242
itself, 42
jet, 740
journal, 46
jump, 22
junction, 25, 3748
june, 22
justify, 33
k, 1, 2, 4, 7, 8, 9, 11, 12, 13, 14, 15, 16, 17, 19, 20, 21, 22, 23, 25, 26, 27, 28, 29, 31, 32, 34, 35, 36, 37, 38, 42, 43, 44, 45, 47, 48, 4950
karman, 4
key, 16
kinematic, 743
known, 14, 36, 4749
knudsen, 22
l, 1, 2, 3, 4, 5, 6, 7, 8, 9, 10, 11, 12, 13, 14, 15, 16, 17, 18, 19, 20, 21, 22, 23, 24, 25, 26, 27, 28, 29, 30, 31, 32, 33, 34, 35, 36, 37, 38, 39, 40, 41, 42, 43, 44, 45, 46, 47, 48, 4950
labor, 7, 1440
laboratory, 740
lack, 17
lacquer, 9
laminar, 7, 9, 16, 21, 23, 43, 4950
landahl, 14
large, 12, 13, 14, 19, 22, 2546
largely, 12
larger, 1425
last, 12, 14, 25, 30, 3342
lateral, 742
law, 1350
laws, 13
layer, 1, 2, 3, 4, 6, 7, 8, 9, 12, 16, 17, 21, 22, 23, 24, 25, 34, 36, 37, 40, 43, 4550
layers, 16, 1734
leading, 2, 8, 9, 25, 2639
leads, 1343
least, 9
led, 13, 15, 18, 25, 26, 30, 33, 42, 4749
lees's, 20
length, 29, 3345
less, 9, 25, 30, 33, 3546
let, 6, 9, 32, 4449
levels, 40
lewis, 24
libby, 2
lift, 1
light, 12, 14, 24, 25, 33, 35, 36, 37, 41, 4649
lighthill, 14
likely, 34
limit, 15, 2728
limiting, 1528
limits, 27
lin, 1, 7, 14, 15, 20, 23, 24, 25, 29, 31, 34, 37, 38, 39, 40, 42, 4347
line, 14, 15, 24, 29, 37, 3947
linear, 14, 15, 24, 2947
linearized, 15
linearly, 29
linked, 38
liquids, 33
literature, 30
little, 737
load, 1, 12, 13, 1447
loading, 1, 1347
loads, 14
local, 7, 9, 14, 20, 2345
location, 4043
logical, 14
long, 6, 9, 23, 3034
longer, 6
loss, 14
low, 1, 2, 3, 4, 7, 9, 10, 16, 17, 18, 19, 22, 23, 24, 25, 26, 27, 28, 32, 33, 34, 35, 37, 38, 39, 43, 44, 45, 47, 48, 4950
lowaspect, 47
lower, 9
m, 1, 2, 3, 4, 5, 6, 7, 8, 9, 10, 11, 12, 13, 14, 15, 16, 17, 18, 19, 20, 21, 22, 23, 24, 25, 26, 27, 28, 29, 30, 31, 32, 33, 34, 35, 36, 37, 38, 39, 40, 41, 42, 43, 44, 45, 46, 47, 48, 4950
m(d1), 20
mach, 7, 9, 10, 14, 27, 33, 35, 39, 40, 41, 45, 48, 4950
made, 1, 4, 9, 10, 13, 14, 24, 28, 4649
mager, 17
magnetic, 33, 3444
magneto, 33, 3444
magnetogasdynamic, 33
magnetohydrodynamic, 44
magnified, 40
magnitudes, 2348
main, 1, 16, 22, 29, 39, 4450
mainly, 44
major, 1130
majority, 11
make, 17
maneuvers, 14
manner, 32
many, 11, 25, 3742
maslen, 22
mass, 16, 17, 3244
materially, 42
materials, 37
mathematical, 49
matric, 4647
matrices, 4647
matrix, 1547
matter, 12
max, 20, 30, 3233
maximum, 20, 30, 3233
may, 5, 7, 11, 14, 28, 33, 42, 4448
mean, 9, 16, 22, 3740
means, 9, 3740
measured, 13, 1639
measurements, 9, 30, 4145
mechanism, 38
meet, 12
member, 47
members, 47
mention, 2846
meridian, 48
method, 6, 12, 13, 14, 15, 24, 32, 33, 35, 43, 47, 48, 4950
methods, 12, 24, 33, 4748
minimum, 14
missile, 17, 3236
missiles, 36
mit, 2, 15, 25, 27, 28, 43, 4748
mix, 11
mixing, 11
mode, 12, 14, 15, 29, 30, 4245
model, 14, 29, 30, 4245
models, 29
modes, 12, 1415
modification, 13, 14, 1620
moments, 42
momentum, 4550
more, 7, 14, 3637
moreover, 14
motion, 14, 15, 21, 25, 3242
mount, 9, 14, 1942
mounted, 42
moving, 2236
much, 925
multicellular, 31
multiplications, 47
multiweb, 30
must, 2, 2534
namely, 27
national, 8
nature, 41
near, 14, 15, 24, 25, 28, 29, 39, 47, 4950
nearly, 2529
necessarily, 44
necessary, 2, 17, 4249
need, 36
negative, 4449
negatively, 49
neglected, 1432
negligible, 14
net, 33, 34, 44, 4749
network, 47
new, 14, 20, 27, 28, 35, 3646
newtonian, 20, 27, 28, 3536
no, 2, 3, 6, 7, 8, 9, 11, 12, 13, 14, 16, 18, 19, 20, 24, 25, 26, 27, 28, 34, 36, 37, 40, 42, 43, 44, 45, 46, 47, 4950
nominal, 943
nominally, 43
noncatalytic, 24
nonequilibrium, 24
nonlinear, 1424
nontrivial, 34
nonuniform, 28
nonviscous, 36
nor, 14, 20, 3642
normal, 14, 2042
nose, 2, 20, 2544
nosed, 25
noses, 44
not, 9, 11, 12, 16, 18, 19, 24, 25, 26, 27, 28, 34, 36, 37, 42, 43, 44, 4546
notch, 45
note, 18, 19, 26, 27, 28, 37, 43, 4446
noted, 27
notes, 43
novel, 213
now, 14, 36, 4749
number, 7, 8, 9, 10, 14, 21, 22, 23, 24, 25, 30, 33, 35, 37, 40, 41, 43, 45, 46, 48, 4950
numbers, 7, 9, 14, 35, 37, 4049
numerical, 15, 24, 29, 3449
numerically, 15
observations, 45
observed, 30
obtain, 4, 6, 8, 9, 19, 25, 29, 32, 34, 36, 40, 42, 4748
obtained, 4, 6, 8, 9, 19, 25, 29, 34, 40, 42, 4748
obvious, 44
occur, 5, 7, 9, 11, 4449
occurred, 9
occurs, 7
of, 1, 2, 4, 5, 6, 7, 8, 9, 10, 11, 12, 13, 14, 15, 16, 17, 18, 19, 20, 21, 22, 23, 24, 25, 26, 27, 28, 29, 30, 31, 32, 33, 34, 35, 36, 37, 38, 39, 40, 41, 42, 43, 44, 45, 46, 47, 48, 4950
on, 1, 2, 3, 4, 5, 6, 7, 8, 9, 10, 11, 12, 13, 14, 15, 16, 17, 18, 19, 20, 21, 22, 23, 24, 25, 26, 27, 28, 29, 30, 31, 32, 33, 34, 35, 36, 37, 38, 39, 40, 41, 42, 43, 44, 45, 46, 47, 48, 4950
oncoming, 45
one, 5, 6, 7, 11, 12, 14, 15, 16, 18, 19, 24, 25, 27, 28, 29, 30, 33, 36, 39, 40, 41, 43, 44, 4648
only, 2, 9, 14, 25, 27, 4449
onset, 9
open, 36
operation, 47
opposite, 4347
optically, 40
or, 1, 2, 3, 4, 5, 6, 7, 9, 10, 11, 12, 13, 14, 15, 16, 17, 18, 19, 20, 21, 22, 23, 24, 25, 26, 27, 28, 29, 30, 31, 32, 33, 34, 35, 36, 37, 38, 39, 40, 41, 42, 43, 44, 45, 46, 47, 48, 4950
order, 1, 14, 33, 3749
orders, 14
ordinary, 24
orientation, 47
origin, 2, 9, 1214
original, 214
originally, 14
originated, 9
oscillating, 32
oscillatory, 32
other, 6, 11, 12, 13, 14, 18, 21, 24, 30, 37, 39, 4344
out, 2, 6, 7, 14, 17, 18, 19, 27, 29, 32, 37, 39, 41, 4649
outer, 729
outlined, 14
outside, 218
over, 9, 14, 21, 23, 25, 28, 31, 39, 41, 4749
overall, 41
panels, 1431
paper, 2, 15, 35, 42, 4546
papers, 46
paragraphs, 34
parallel, 2344
parameter, 20, 24, 27, 2942
parameters, 24, 2942
part, 1, 6, 14, 17, 24, 29, 34, 36, 38, 42, 4549
partial, 17
particular, 6, 14, 24, 3449
parts, 29, 3842
past, 2, 2744
path, 22
pattern, 39
per, 1, 2, 6, 7, 9, 11, 12, 13, 14, 15, 16, 17, 19, 20, 21, 22, 23, 25, 26, 27, 28, 29, 30, 31, 33, 34, 35, 36, 37, 38, 39, 40, 41, 42, 43, 44, 45, 46, 47, 48, 4950
performances, 11
performed, 730
perhaps, 36
period, 29
permit, 47
persist, 7
perturbation, 2126
phenomena, 11, 2537
phenomenon, 43
phosphorescent, 9
photographic, 42
photothermoelastic, 30
physical, 14, 19, 24, 34, 3738
physically, 3437
pictures, 45
piston, 14
pitching, 42
pitot, 9
place, 8, 11, 2545
placed, 2545
plane, 23, 25, 4248
plasma, 34
plate, 2, 4, 8, 9, 13, 15, 21, 22, 23, 25, 29, 31, 41, 4450
plates, 31
play, 42
pohlhausen, 4
point, 6, 14, 16, 20, 24, 27, 28, 35, 37, 4449
pointed, 1420
pointednose, 20
poiscuille, 33
polynomial, 49
polytechnic, 11
porous, 44
portion, 2545
position, 78
positively, 49
possessing, 34
possibilities, 33
possibility, 935
possible, 2, 14, 25, 4549
postulate, 16
potential, 1
power, 714
powers, 14
practical, 11, 14, 23, 37, 4449
practically, 37
practice, 36
prandtl, 2, 23, 37, 4950
prandtl's, 2
precision, 14
predict, 14, 25, 30, 36, 38, 4849
predicted, 2530
prediction, 3849
predictions, 49
predicts, 14
prescribed, 1830
presence, 11, 33, 4044
present, 2, 3, 5, 8, 12, 14, 15, 18, 19, 20, 24, 29, 32, 33, 34, 35, 41, 42, 43, 44, 47, 4950
presented, 3, 5, 8, 12, 15, 19, 20, 24, 29, 32, 35, 47, 4950
presently, 19
presents, 42
preserving, 16
pressure, 3, 10, 11, 14, 15, 16, 20, 25, 27, 35, 36, 37, 38, 3949
pressures, 10, 1125
primarily, 8
principal, 4149
probable, 33
problem, 1, 2, 4, 6, 11, 12, 13, 14, 15, 26, 28, 33, 34, 35, 4446
problems, 11, 12, 14, 2833
probstein), 28
procedure, 14, 3036
procedures, 30
proceed, 2436
proceeds, 36
produce, 1, 1442
produced, 114
product, 47
profile, 1449
profiles, 49
program, 11
promoted, 40
propeller, 142
propellers, 42
proper, 13, 14, 23, 25, 4448
properties, 14, 23, 25, 4448
propose, 614
proposed, 14
propulsion, 740
provide, 24, 25, 34, 37, 4447
provided, 2425
provides, 4447
provision, 33
published, 46
pure, 33
purpose, 26, 35, 37, 42, 44, 4647
purposes, 47
qualitative, 949
quantitatively, 39
quantities, 3337
quantity, 23
quasi, 33
question, 1536
questioned, 15
quite, 44
r, 1, 2, 3, 4, 5, 6, 7, 8, 9, 10, 11, 12, 13, 14, 15, 16, 17, 18, 19, 20, 21, 22, 23, 24, 25, 26, 27, 28, 29, 30, 31, 32, 33, 34, 35, 36, 37, 38, 39, 40, 41, 42, 43, 44, 45, 46, 47, 48, 4950
radial, 18
radius, 18
raises, 15
rake, 9
range, 8, 9, 18, 29, 4047
ranges, 47
rapid, 1432
rapidly, 32
rarefied, 22
rate, 1, 5, 6, 14, 16, 24, 25, 32, 35, 36, 38, 42, 43, 45, 4950
rates, 24, 3649
rates), 24
rather, 7
ratio, 1, 6, 14, 15, 16, 17, 19, 20, 25, 28, 29, 33, 34, 42, 43, 44, 45, 47, 4950
rationally, 17
ratios, 133
reactions, 24
reader, 646
readers', 6
readily, 49
realization, 26
reasonable, 3442
reasonably, 8
received, 44
recent, 2, 6, 28, 43, 4446
recently, 2, 4446
recombination, 24
recombination), 24
recovery, 23
reduce, 14, 15, 24, 3244
reduced, 14, 15, 2432
reduction, 3344
reference, 6, 17, 2128
refers, 20
refinements, 35
reflected, 39
regarding, 14
regardless, 9
regimes, 33
region, 2, 22, 3545
region), 45
relate, 20, 2433
relating, 24
relation, 8, 10, 12, 13, 14, 16, 20, 24, 30, 3847
relations, 10, 13, 14, 2047
relationship, 1447
relationships, 47
relative, 7, 25, 32, 33, 4047
relatively, 25, 3247
remaining, 1
remains, 16, 2229
replaced, 25
reported, 16
represent, 8, 14, 24, 29, 33, 3550
representative, 14
represented, 824
representing, 2933
required, 16, 3334
requirements, 47
research, 11, 12, 1433
resistance, 633
resler, 34
respect, 12, 25, 4047
respectively, 2540
response, 14
restraint, 29
restricted, 235
result, 1, 7, 8, 9, 10, 13, 14, 15, 16, 20, 22, 24, 25, 27, 29, 35, 36, 38, 39, 40, 41, 42, 44, 47, 4950
resultant, 42
resulting, 29
results, 1, 7, 8, 9, 10, 14, 15, 16, 20, 22, 24, 25, 29, 35, 38, 39, 40, 41, 42, 47, 4950
rev, 14, 20, 25, 3043
revealed, 30
reversal, 43
reverts, 20
reviewed, 14
reviewer, 20
revolution, 25
reynolds, 7, 8, 9, 25, 37, 4350
right, 25
rigid, 1542
rigidity), 15
rise, 2, 16, 38, 4243
role, 42
rotational, 232
roughness, 7, 8, 4043
roughnesses, 40
row, 7, 8, 14, 1825
s, 1, 2, 3, 4, 5, 6, 7, 8, 9, 10, 11, 12, 13, 14, 15, 16, 17, 18, 19, 20, 21, 22, 23, 24, 25, 26, 27, 28, 29, 30, 31, 32, 33, 34, 35, 36, 37, 38, 39, 40, 41, 42, 43, 44, 45, 46, 47, 48, 4950
sakurai, 25
same, 8, 13, 1635
satisfactory, 25
say, 44
scale, 24
scheme, 3839
schlieren, 4045
sci, 2, 22, 25, 26, 28, 32, 35, 3748
sears, 34
second, 29, 4547
section, 14, 40, 4449
sections, 44
sedov, 28
see, 8, 18, 3336
seeded, 33
seeding, 33
seems, 36
self, 1642
semi, 3844
semiempirical, 38
sense, 44
separated, 3245
separately, 38
separation, 1649
series, 13
serve, 3034
set, 9, 24, 3247
sets, 47
several, 15, 1740
shape, 14, 20, 25, 27, 37, 4244
shapes, 20, 4244
shear, 2, 4, 9, 16, 4550
shed, 17, 31, 4647
shock, 2, 20, 25, 35, 37, 3848
shocked, 48
should, 20
show, 1, 2, 4, 10, 13, 14, 15, 16, 17, 20, 23, 24, 25, 27, 28, 32, 35, 36, 38, 39, 42, 43, 4649
showed, 117
showing, 42
shown, 2, 10, 13, 14, 15, 16, 23, 24, 27, 28, 36, 38, 39, 4649
shows, 20, 24, 25, 3235
side, 2, 4, 9, 18, 19, 21, 23, 24, 25, 29, 33, 35, 38, 4449
sidewall, 9
significance, 33, 3844
significant, 11, 23, 26, 3348
significantly, 1148
similar, 13, 20, 23, 25, 27, 2844
similarity, 13, 20, 25, 2728
simple, 2, 24, 29, 33, 34, 39, 44, 4549
simplicity, 34
simplifications, 1433
simulate, 29, 3042
simultaneous, 50
sin, 6, 7, 13, 14, 16, 20, 34, 39, 40, 41, 43, 44, 4748
since, 3444
single, 40
situated, 44
situation, 2, 1146
situations, 11
size, 724
sizes, 24
skin, 4, 9, 21, 23, 29, 4950
skinfriction, 50
slab, 56
slabs, 5
slender, 25, 2744
slight, 1435
slightly, 35
slip, 1, 2122
slipping, 22
slipstream, 1
slope, 3947
slow, 24
slowly, 24
small, 2, 22, 25, 26, 2747
smooth, 4043
so, 2, 4, 5, 6, 7, 8, 9, 11, 12, 13, 14, 15, 16, 17, 18, 19, 20, 21, 22, 23, 24, 25, 26, 27, 28, 29, 30, 31, 32, 33, 34, 35, 36, 37, 38, 39, 40, 41, 42, 44, 45, 47, 4950
solid, 13
solution, 4, 5, 6, 14, 20, 22, 23, 24, 27, 28, 32, 34, 35, 38, 4447
solutions, 4, 5, 6, 14, 20, 34, 35, 3847
solve, 13, 15, 32, 3350
solved, 13, 15, 3233
some, 2, 8, 12, 21, 23, 25, 33, 34, 4449
somewhat, 225
sonic, 2, 7, 9, 11, 14, 17, 19, 20, 25, 26, 27, 28, 31, 33, 35, 36, 37, 38, 39, 40, 4149
sort, 34
sought, 34
source, 3045
sources, 45
space, 17
spacing, 7
span, 1
spanwise, 1
sparkschlieren, 45
special, 49
specific, 1, 20, 2850
speed, 2, 9, 12, 14, 19, 24, 25, 27, 32, 33, 36, 38, 4041
speeds, 9, 25, 27, 33, 4041
sphere, 7, 25, 32, 33, 3544
spheres, 7, 3544
spherical, 44
spiral, 718
spread, 9
spring, 32
square, 47
stability, 936
stagnation, 11, 2435
standards, 8
standpoint, 44
starting, 50
starts, 18
state, 12, 14, 18, 2446
statements, 46
static, 1532
station, 43
steady, 2, 3, 4, 1428
step, 47
stewartson, 16
stiffness, 42
still, 7
strains, 13
stream, 1, 2, 9, 10, 11, 16, 25, 26, 27, 34, 39, 40, 41, 45, 4850
stream), 27
streams, 11
strength, 7, 3344
strengths, 33
stress, 13, 29, 3031
stresses, 13, 29, 3031
stressing, 13
structural, 12, 4647
structure, 12, 13, 29, 31, 4547
structures, 12, 3147
studied, 33
studies, 21, 41, 4245
studiesdash, 21
study, 1, 2, 8, 11, 17, 25, 3739
subject, 12, 29, 31, 4346
subjected, 2931
sublayer, 7
submitted, 43
subscript, 20
subsequent, 43
subsonic, 3338
substantial, 114
substantially, 14
subtracting, 1
successive, 1447
such, 2, 7, 8, 14, 17, 28, 29, 3750
suction, 44
suddenly, 7
sufficient, 33, 3443
sufficiently, 33
suggested, 12, 17, 1930
suggestion, 814
suggestions, 14
suggests, 39
summarized, 1249
summary, 12
superimposed, 39
superiority, 20
supersonic, 7, 11, 14, 19, 31, 33, 38, 39, 40, 4149
supply, 3740
support, 120
supporting, 1
surface, 5, 9, 14, 20, 24, 25, 27, 33, 37, 39, 40, 4849
surfaces, 24
surfacetemperature, 49
surrounding, 7
surveys, 9
sutherland, 50
symmetric, 17, 20, 3549
symmetry, 19
system, 14, 32, 39, 40, 4245
systematically, 1445
tables, 48
tained, 4, 6, 7, 8, 9, 19, 25, 29, 34, 40, 42, 4748
take, 11, 25, 28, 42, 43, 4450
taken, 25, 4350
takes, 11
taking, 2242
tangent, 44
taylor, 25
technique, 4, 9, 14, 3342
techniques, 14, 3342
technology, 740
temperature, 6, 13, 16, 22, 29, 30, 31, 34, 43, 4950
temperatures, 2934
tend, 1, 8, 17, 2948
terms, 8, 14, 24, 3047
test, 3640
tests, 40
than, 6, 9, 18, 25, 27, 30, 3544
that, 1, 2, 6, 7, 8, 9, 10, 13, 14, 15, 16, 17, 18, 20, 22, 24, 25, 27, 28, 29, 30, 32, 33, 35, 36, 37, 38, 39, 40, 42, 43, 44, 46, 4849
the, 1, 2, 3, 4, 5, 6, 7, 8, 9, 10, 11, 12, 13, 14, 15, 16, 17, 18, 20, 21, 22, 23, 24, 25, 26, 27, 28, 29, 30, 31, 32, 33, 34, 35, 36, 37, 38, 39, 40, 41, 42, 43, 44, 45, 46, 47, 48, 4950
their, 12, 16, 3349
them, 1449
then, 14, 22, 27, 29, 33, 36, 37, 38, 4247
theoretical, 1, 10, 11, 29, 30, 3847
theories, 1436
theory, 1, 13, 14, 15, 20, 25, 26, 27, 30, 35, 36, 37, 4249
there, 2, 11, 36, 3744
therefore, 3637
thermal, 6, 12, 13, 14, 18, 29, 30, 3145
thermochemical, 24
thermoelastic, 12, 1430
these, 9, 11, 12, 14, 24, 25, 33, 36, 37, 45, 4648
they, 1448
thick, 4, 7, 8, 13, 14, 25, 26, 2945
thickness, 4, 7, 8, 13, 14, 25, 2645
thin, 4950
this, 1, 2, 5, 6, 9, 13, 14, 15, 17, 18, 19, 20, 21, 23, 25, 26, 28, 30, 32, 34, 35, 36, 37, 39, 42, 44, 45, 4649
those, 1520
thought, 42
three, 6, 7, 8, 1440
through, 14, 22, 24, 28, 3234
thus, 15, 1637
tical, 1, 10, 11, 12, 14, 15, 16, 19, 23, 24, 28, 29, 30, 33, 37, 38, 40, 42, 44, 45, 4749
time, 6, 25, 29, 3032
times, 625
tip, 4247
to, 1, 2, 4, 5, 6, 7, 8, 9, 11, 12, 13, 14, 15, 16, 17, 18, 20, 22, 23, 24, 25, 26, 27, 28, 29, 30, 31, 32, 33, 34, 35, 36, 37, 38, 39, 40, 41, 42, 43, 44, 45, 46, 47, 48, 4950
toambient, 43
together, 118
tomomentum, 45
tools, 12, 1441
torsion, 1447
total, 944
traced, 30
trailing, 7
trajectory, 32
transfer, 12, 21, 23, 24, 29, 36, 37, 44, 45, 47, 4950
transferred, 4749
transformation, 16, 1732
transformations, 17
transformed, 1617
transient, 529
transition, 7, 8, 9, 24, 40, 4143
transonic, 38
transverse, 9, 23, 2544
treated, 2, 3846
treatment, 144
treatments, 1
triangular, 56
trip, 78
tube, 10, 3444
tunnel, 7, 9, 25, 37, 38, 4049
turbulence, 40
turbulent, 7, 9, 16, 1745
two, 2, 4, 8, 9, 11, 18, 19, 20, 24, 25, 33, 39, 42, 43, 46, 47, 4849
twodimensional, 8
type, 5, 3244
typical, 14
u, 1, 2, 3, 4, 5, 6, 7, 8, 9, 10, 11, 12, 13, 14, 15, 16, 17, 18, 19, 20, 21, 22, 23, 24, 25, 26, 27, 28, 29, 30, 31, 32, 33, 34, 35, 36, 37, 38, 39, 40, 41, 42, 43, 44, 45, 46, 47, 48, 4950
unaffected, 24
unbuckled, 15
uncambered, 39
undamped, 32
under, 12, 13, 37, 4244
undergoes, 42
undisturbed, 43
unfamiliar, 36
unheated, 13
uniform, 4, 9, 28, 4448
unit, 24, 32, 4450
unity, 24, 3250
unknown, 4749
unknowns, 49
unsolved, 33
unsteady, 1428
up, 1, 7, 11, 12, 14, 19, 20, 29, 31, 33, 37, 38, 39, 40, 41, 42, 44, 4849
upon, 7, 12, 40, 4248
us, 2, 4, 6, 9, 12, 13, 14, 15, 16, 17, 18, 21, 23, 24, 25, 26, 27, 28, 32, 33, 34, 35, 36, 37, 40, 41, 43, 44, 45, 48, 4950
use, 4, 9, 14, 17, 18, 27, 34, 35, 36, 37, 44, 48, 4950
used, 9, 35, 37, 4950
useful, 36
using, 6, 14, 1641
usual, 2, 21, 2744
usually, 2
utilized, 3037
utilizing, 1425
v, 1, 2, 4, 6, 7, 8, 9, 11, 12, 13, 14, 15, 16, 17, 18, 19, 20, 21, 22, 23, 24, 25, 26, 27, 28, 29, 30, 31, 32, 33, 34, 35, 36, 37, 38, 39, 40, 41, 42, 43, 44, 45, 46, 47, 48, 4950
valid, 17, 22, 2735
validity, 17
value, 8, 9, 14, 15, 16, 22, 25, 29, 30, 33, 35, 4348
values, 8, 14, 16, 22, 25, 29, 30, 33, 35, 4348
vanes, 18
variable, 32, 4849
variables, 48
variation, 20, 29, 3450
variations, 2050
varied, 45
varies, 7
variety, 29
various, 28
varying, 7
vas, 25
vector, 18
vehicle, 1737
vehicles, 37
veiocity, 49
velocities, 1136
velocity, 1, 4, 7, 14, 15, 18, 35, 36, 43, 4450
verified, 9
vertical, 42
very, 14, 23, 2425
vibrated, 42
vibration, 42
vibrations, 42
vibratory, 42
view, 14, 20, 27, 2849
violent, 7
viscosity, 2, 7, 16, 17, 4350
viscous, 2, 14, 25, 2636
visualization, 45
viz, 7
vortices, 7
vorticity, 2, 4, 735
wakes, 17
wall, 9, 24, 36, 43, 44, 4550
was, 1, 6, 9, 15, 17, 34, 43, 4750
wassermann, 6
wave, 2, 2539
waves, 39
way, 814
web, 30
well, 1, 8, 12, 14, 2022
were, 1, 6, 7, 8, 9, 30, 34, 40, 4142
what, 2, 25, 28, 3642
wheel, 18
when, 7, 14, 24, 25, 29, 32, 4244
where, 7, 8, 11, 14, 20, 2425
wherein, 11
wherever, 14
whether, 8
which, 14, 24, 27, 28, 29, 30, 34, 36, 42, 44, 4849
while, 221
whirling, 42
who, 27, 2935
whole, 29
whose, 27
wide, 29
will, 13, 18, 25, 33, 3642
wind, 7, 9, 37, 38, 40, 4849
windward, 48
wing, 1, 13, 14, 30, 31, 3442
wing's, 14
wings, 1314
wire, 841
with, 1, 3, 4, 6, 7, 9, 11, 12, 13, 14, 15, 16, 17, 18, 19, 20, 23, 25, 29, 32, 33, 34, 35, 36, 37, 39, 40, 42, 43, 44, 47, 48, 4950
within, 49
without, 1949
work, 19, 28, 29, 34, 4749
worked, 49
would, 8, 14, 2842
written, 3233
x, 1, 2, 5, 7, 8, 9, 10, 11, 12, 13, 14, 15, 16, 17, 19, 20, 22, 23, 24, 25, 27, 28, 29, 30, 32, 33, 34, 35, 36, 37, 39, 40, 41, 42, 43, 44, 45, 4749
y, 1, 2, 3, 4, 5, 6, 7, 8, 9, 10, 11, 12, 13, 14, 15, 16, 17, 18, 19, 20, 21, 22, 23, 24, 25, 26, 27, 28, 29, 30, 31, 32, 33, 34, 35, 36, 37, 38, 39, 40, 41, 42, 43, 44, 45, 46, 47, 48, 4950
yaw, 42
yet, 1932
yield, 3549
yields, 49
zero, 18, 2732
zone, 14
